{"cameraMode":{"drawMode":0,"name":"Shaded","section":"Shading Mode"},"sceneLighting":false,"audioPlay":false,"sceneViewState":{"showFog":true,"showMaterialUpdate":false,"showSkybox":false,"showFlares":true,"showImageEffects":true,"showParticleSystems":true},"in2DMode":false,"pivot":{"x":-0.01994037628173828,"y":1.7057738304138184,"z":-0.21174240112304688},"rotation":{"x":0.014544932171702385,"y":-0.9735209345817566,"z":0.06219447776675224,"w":0.22055761516094209},"size":11.431534767150879,"orthographic":false}