{"cameraMode":{"drawMode":0,"name":"Shaded","section":"Shading Mode"},"sceneLighting":false,"audioPlay":false,"sceneViewState":{"showFog":true,"showMaterialUpdate":false,"showSkybox":false,"showFlares":true,"showImageEffects":true,"showParticleSystems":true},"in2DMode":false,"pivot":{"x":0.4055697023868561,"y":0.6311941146850586,"z":2.753326892852783},"rotation":{"x":0.07819756865501404,"y":0.030716581270098687,"z":-0.0024137410800904037,"w":0.9965482950210571},"size":6.245352745056152,"orthographic":false}