{"cameraMode":{"drawMode":0,"name":"Shaded","section":"Shading Mode"},"sceneLighting":false,"audioPlay":false,"sceneViewState":{"showFog":true,"showMaterialUpdate":false,"showSkybox":false,"showFlares":true,"showImageEffects":true,"showParticleSystems":true},"in2DMode":false,"pivot":{"x":-0.0439298152923584,"y":-0.2587769031524658,"z":3.928591728210449},"rotation":{"x":-0.31473347544670107,"y":0.6386484503746033,"z":-0.3217581808567047,"w":-0.6243342161178589},"size":4.765779972076416,"orthographic":false}