{"cameraMode":{"drawMode":0,"name":"Shaded","section":"Shading Mode"},"sceneLighting":true,"audioPlay":false,"sceneViewState":{"showFog":true,"showMaterialUpdate":false,"showSkybox":true,"showFlares":true,"showImageEffects":true,"showParticleSystems":true},"in2DMode":false,"pivot":{"x":0.10880616307258606,"y":0.42355406284332278,"z":3.329738140106201},"rotation":{"x":-0.0728292316198349,"y":0.014057199470698834,"z":-0.0010184573475271464,"w":-0.9972792863845825},"size":4.798133850097656,"orthographic":false}