{"cameraMode":{"drawMode":0,"name":"Shaded","section":"Shading Mode"},"sceneLighting":false,"audioPlay":false,"sceneViewState":{"showFog":true,"showMaterialUpdate":false,"showSkybox":false,"showFlares":true,"showImageEffects":true,"showParticleSystems":true},"in2DMode":false,"pivot":{"x":-0.07199127972126007,"y":0.9570927619934082,"z":0.37735623121261599},"rotation":{"x":-0.5110777020454407,"y":0.0007507071131840348,"z":-0.0005142340669408441,"w":-0.8596119284629822},"size":0.9720205664634705,"orthographic":false}