{"cameraMode":{"drawMode":0,"name":"Shaded","section":"Shading Mode"},"sceneLighting":false,"audioPlay":false,"sceneViewState":{"showFog":true,"showMaterialUpdate":false,"showSkybox":false,"showFlares":true,"showImageEffects":true,"showParticleSystems":true},"in2DMode":false,"pivot":{"x":0.0021948814392089845,"y":0.871346116065979,"z":0.19231557846069337},"rotation":{"x":0.08877082914113999,"y":0.7686511874198914,"z":-0.109355129301548,"w":0.6241061687469482},"size":5.2373738288879398,"orthographic":false}