{"cameraMode":{"drawMode":0,"name":"Shaded","section":"Shading Mode"},"sceneLighting":false,"audioPlay":false,"sceneViewState":{"showFog":true,"showMaterialUpdate":false,"showSkybox":false,"showFlares":true,"showImageEffects":true,"showParticleSystems":true},"in2DMode":false,"pivot":{"x":-0.5881670713424683,"y":-0.16334545612335206,"z":0.25866425037384035},"rotation":{"x":-0.1430494487285614,"y":0.6389265060424805,"z":-0.12230034172534943,"w":-0.7460576295852661},"size":1.7431535720825196,"orthographic":false}