{"cameraMode":{"drawMode":0,"name":"Shaded","section":"Shading Mode"},"sceneLighting":false,"audioPlay":false,"sceneViewState":{"showFog":true,"showMaterialUpdate":false,"showSkybox":false,"showFlares":true,"showImageEffects":true,"showParticleSystems":true},"in2DMode":false,"pivot":{"x":1.7901062965393067,"y":-2.162966251373291,"z":-0.0686015635728836},"rotation":{"x":0.355641633272171,"y":0.5968039631843567,"z":-0.33296024799346926,"w":0.6376950144767761},"size":7.183254718780518,"orthographic":false}