{"cameraMode":{"drawMode":0,"name":"Shaded","section":"Shading Mode"},"sceneLighting":true,"audioPlay":false,"sceneViewState":{"showFog":true,"showMaterialUpdate":false,"showSkybox":true,"showFlares":true,"showImageEffects":true,"showParticleSystems":true},"in2DMode":false,"pivot":{"x":-0.1171942949295044,"y":-0.01876699924468994,"z":0.03130686283111572},"rotation":{"x":0.08185964077711106,"y":0.8939281702041626,"z":-0.4011457562446594,"w":0.18241943418979646},"size":8.519414901733399,"orthographic":false}