{"cameraMode":{"drawMode":0,"name":"Shaded","section":"Shading Mode"},"sceneLighting":true,"audioPlay":false,"sceneViewState":{"showFog":true,"showMaterialUpdate":false,"showSkybox":false,"showFlares":true,"showImageEffects":true,"showParticleSystems":true},"in2DMode":false,"pivot":{"x":-0.9317755699157715,"y":-0.20898275077342988,"z":-0.07768794894218445},"rotation":{"x":0.10349459201097489,"y":-0.6148058772087097,"z":0.0818164274096489,"w":0.7776122689247131},"size":1.7715768814086915,"orthographic":false}