{"cameraMode":{"drawMode":0,"name":"Shaded","section":"Shading Mode"},"sceneLighting":false,"audioPlay":false,"sceneViewState":{"showFog":true,"showMaterialUpdate":false,"showSkybox":false,"showFlares":true,"showImageEffects":true,"showParticleSystems":true},"in2DMode":false,"pivot":{"x":-0.022455960512161256,"y":0.4305989146232605,"z":0.30173787474632265},"rotation":{"x":0.28037920594215395,"y":-0.6498595476150513,"z":0.2811943292617798,"w":0.6482148766517639},"size":0.5894685983657837,"orthographic":false}