{"cameraMode":{"drawMode":0,"name":"Shaded","section":"Shading Mode"},"sceneLighting":false,"audioPlay":false,"sceneViewState":{"showFog":true,"showMaterialUpdate":false,"showSkybox":false,"showFlares":true,"showImageEffects":true,"showParticleSystems":true},"in2DMode":false,"pivot":{"x":0.40793323516845705,"y":0.08719444274902344,"z":0.15125656127929688},"rotation":{"x":0.3312716782093048,"y":-0.6286276578903198,"z":0.3372041583061218,"w":0.6177011728286743},"size":4.104080677032471,"orthographic":false}