{"cameraMode":{"drawMode":0,"name":"Shaded","section":"Shading Mode"},"sceneLighting":false,"audioPlay":false,"sceneViewState":{"showFog":true,"showMaterialUpdate":false,"showSkybox":true,"showFlares":true,"showImageEffects":true,"showParticleSystems":true},"in2DMode":false,"pivot":{"x":-0.7870008945465088,"y":0.5232638120651245,"z":0.4855850636959076},"rotation":{"x":-0.1437852382659912,"y":-0.7002387642860413,"z":0.1472836136817932,"w":-0.6836211085319519},"size":4.366904258728027,"orthographic":false}