{"cameraMode":{"drawMode":0,"name":"Shaded","section":"Shading Mode"},"sceneLighting":false,"audioPlay":false,"sceneViewState":{"showFog":true,"showMaterialUpdate":false,"showSkybox":false,"showFlares":true,"showImageEffects":true,"showParticleSystems":true},"in2DMode":false,"pivot":{"x":0.041062843054533008,"y":0.5916367769241333,"z":-0.05002140998840332},"rotation":{"x":-0.5110777020454407,"y":0.0007507071131840348,"z":-0.0005142340669408441,"w":-0.8596119284629822},"size":1.2396068572998047,"orthographic":false}