{"cameraMode":{"drawMode":0,"name":"Shaded","section":"Shading Mode"},"sceneLighting":false,"audioPlay":false,"sceneViewState":{"showFog":true,"showMaterialUpdate":false,"showSkybox":false,"showFlares":true,"showImageEffects":true,"showParticleSystems":true},"in2DMode":false,"pivot":{"x":-0.12293955683708191,"y":1.073897123336792,"z":0.1672428399324417},"rotation":{"x":-0.26233628392219546,"y":0.6854065656661987,"z":-0.2932966947555542,"w":-0.6128218770027161},"size":0.6012722253799439,"orthographic":false}