{"cameraMode":{"drawMode":0,"name":"Shaded","section":"Shading Mode"},"sceneLighting":false,"audioPlay":false,"sceneViewState":{"showFog":true,"showMaterialUpdate":false,"showSkybox":false,"showFlares":true,"showImageEffects":true,"showParticleSystems":true},"in2DMode":false,"pivot":{"x":0.0,"y":-0.0367695689201355,"z":-0.07636755704879761},"rotation":{"x":-0.2531801164150238,"y":0.6443039178848267,"z":-0.23932553827762605,"w":-0.6809884309768677},"size":3.0459272861480715,"orthographic":false}